{
  "hash": "3de7553e",
  "configHash": "4a84b46a",
  "lockfileHash": "e64fe141",
  "browserHash": "b3f11713",
  "optimized": {
    "@angular/common/http": {
      "src": "../../../../../node_modules/@angular/common/fesm2022/http.mjs",
      "file": "@angular_common_http.js",
      "fileHash": "0208ee28",
      "needsInterop": false
    },
    "@angular/core": {
      "src": "../../../../../node_modules/@angular/core/fesm2022/core.mjs",
      "file": "@angular_core.js",
      "fileHash": "8a64db4f",
      "needsInterop": false
    },
    "@angular/platform-browser": {
      "src": "../../../../../node_modules/@angular/platform-browser/fesm2022/platform-browser.mjs",
      "file": "@angular_platform-browser.js",
      "fileHash": "f0811bb3",
      "needsInterop": false
    },
    "@ngrx/effects": {
      "src": "../../../../../node_modules/@ngrx/effects/fesm2022/ngrx-effects.mjs",
      "file": "@ngrx_effects.js",
      "fileHash": "bce36b37",
      "needsInterop": false
    },
    "@ngrx/store": {
      "src": "../../../../../node_modules/@ngrx/store/fesm2022/ngrx-store.mjs",
      "file": "@ngrx_store.js",
      "fileHash": "cd136ebd",
      "needsInterop": false
    },
    "@spartacus/asm": {
      "src": "../../../../../node_modules/@spartacus/asm/fesm2022/spartacus-asm.mjs",
      "file": "@spartacus_asm.js",
      "fileHash": "23307fd1",
      "needsInterop": false
    },
    "@spartacus/asm/assets": {
      "src": "../../../../../node_modules/@spartacus/asm/fesm2022/spartacus-asm-assets.mjs",
      "file": "@spartacus_asm_assets.js",
      "fileHash": "978ba1d7",
      "needsInterop": false
    },
    "@spartacus/asm/customer-360": {
      "src": "../../../../../node_modules/@spartacus/asm/fesm2022/spartacus-asm-customer-360.mjs",
      "file": "@spartacus_asm_customer-360.js",
      "fileHash": "96b098fb",
      "needsInterop": false
    },
    "@spartacus/asm/customer-360/assets": {
      "src": "../../../../../node_modules/@spartacus/asm/fesm2022/spartacus-asm-customer-360-assets.mjs",
      "file": "@spartacus_asm_customer-360_assets.js",
      "fileHash": "80a32c24",
      "needsInterop": false
    },
    "@spartacus/asm/customer-360/root": {
      "src": "../../../../../node_modules/@spartacus/asm/fesm2022/spartacus-asm-customer-360-root.mjs",
      "file": "@spartacus_asm_customer-360_root.js",
      "fileHash": "d44703cc",
      "needsInterop": false
    },
    "@spartacus/asm/root": {
      "src": "../../../../../node_modules/@spartacus/asm/fesm2022/spartacus-asm-root.mjs",
      "file": "@spartacus_asm_root.js",
      "fileHash": "693c7fe3",
      "needsInterop": false
    },
    "@spartacus/assets": {
      "src": "../../../../../node_modules/@spartacus/assets/fesm2022/spartacus-assets.mjs",
      "file": "@spartacus_assets.js",
      "fileHash": "0842476b",
      "needsInterop": false
    },
    "@spartacus/cart/base": {
      "src": "../../../../../node_modules/@spartacus/cart/fesm2022/spartacus-cart-base.mjs",
      "file": "@spartacus_cart_base.js",
      "fileHash": "6d640086",
      "needsInterop": false
    },
    "@spartacus/cart/base/assets": {
      "src": "../../../../../node_modules/@spartacus/cart/fesm2022/spartacus-cart-base-assets.mjs",
      "file": "@spartacus_cart_base_assets.js",
      "fileHash": "eb965e62",
      "needsInterop": false
    },
    "@spartacus/cart/base/components/add-to-cart": {
      "src": "../../../../../node_modules/@spartacus/cart/fesm2022/spartacus-cart-base-components-add-to-cart.mjs",
      "file": "@spartacus_cart_base_components_add-to-cart.js",
      "fileHash": "fcb31713",
      "needsInterop": false
    },
    "@spartacus/cart/base/components/mini-cart": {
      "src": "../../../../../node_modules/@spartacus/cart/fesm2022/spartacus-cart-base-components-mini-cart.mjs",
      "file": "@spartacus_cart_base_components_mini-cart.js",
      "fileHash": "b3d30e8e",
      "needsInterop": false
    },
    "@spartacus/cart/base/root": {
      "src": "../../../../../node_modules/@spartacus/cart/fesm2022/spartacus-cart-base-root.mjs",
      "file": "@spartacus_cart_base_root.js",
      "fileHash": "f3437a1a",
      "needsInterop": false
    },
    "@spartacus/cart/import-export": {
      "src": "../../../../../node_modules/@spartacus/cart/fesm2022/spartacus-cart-import-export.mjs",
      "file": "@spartacus_cart_import-export.js",
      "fileHash": "02d7c11e",
      "needsInterop": false
    },
    "@spartacus/cart/import-export/assets": {
      "src": "../../../../../node_modules/@spartacus/cart/fesm2022/spartacus-cart-import-export-assets.mjs",
      "file": "@spartacus_cart_import-export_assets.js",
      "fileHash": "a1dbbccd",
      "needsInterop": false
    },
    "@spartacus/cart/import-export/root": {
      "src": "../../../../../node_modules/@spartacus/cart/fesm2022/spartacus-cart-import-export-root.mjs",
      "file": "@spartacus_cart_import-export_root.js",
      "fileHash": "ab0f190a",
      "needsInterop": false
    },
    "@spartacus/cart/quick-order": {
      "src": "../../../../../node_modules/@spartacus/cart/fesm2022/spartacus-cart-quick-order.mjs",
      "file": "@spartacus_cart_quick-order.js",
      "fileHash": "59e465dc",
      "needsInterop": false
    },
    "@spartacus/cart/quick-order/assets": {
      "src": "../../../../../node_modules/@spartacus/cart/fesm2022/spartacus-cart-quick-order-assets.mjs",
      "file": "@spartacus_cart_quick-order_assets.js",
      "fileHash": "a5815454",
      "needsInterop": false
    },
    "@spartacus/cart/quick-order/root": {
      "src": "../../../../../node_modules/@spartacus/cart/fesm2022/spartacus-cart-quick-order-root.mjs",
      "file": "@spartacus_cart_quick-order_root.js",
      "fileHash": "aa9a4bfe",
      "needsInterop": false
    },
    "@spartacus/cart/saved-cart": {
      "src": "../../../../../node_modules/@spartacus/cart/fesm2022/spartacus-cart-saved-cart.mjs",
      "file": "@spartacus_cart_saved-cart.js",
      "fileHash": "79c89c85",
      "needsInterop": false
    },
    "@spartacus/cart/saved-cart/assets": {
      "src": "../../../../../node_modules/@spartacus/cart/fesm2022/spartacus-cart-saved-cart-assets.mjs",
      "file": "@spartacus_cart_saved-cart_assets.js",
      "fileHash": "f714dae7",
      "needsInterop": false
    },
    "@spartacus/cart/saved-cart/root": {
      "src": "../../../../../node_modules/@spartacus/cart/fesm2022/spartacus-cart-saved-cart-root.mjs",
      "file": "@spartacus_cart_saved-cart_root.js",
      "fileHash": "eedc1b6d",
      "needsInterop": false
    },
    "@spartacus/cart/wish-list": {
      "src": "../../../../../node_modules/@spartacus/cart/fesm2022/spartacus-cart-wish-list.mjs",
      "file": "@spartacus_cart_wish-list.js",
      "fileHash": "53f10e76",
      "needsInterop": false
    },
    "@spartacus/cart/wish-list/assets": {
      "src": "../../../../../node_modules/@spartacus/cart/fesm2022/spartacus-cart-wish-list-assets.mjs",
      "file": "@spartacus_cart_wish-list_assets.js",
      "fileHash": "de917b0e",
      "needsInterop": false
    },
    "@spartacus/cart/wish-list/components/add-to-wishlist": {
      "src": "../../../../../node_modules/@spartacus/cart/fesm2022/spartacus-cart-wish-list-components-add-to-wishlist.mjs",
      "file": "@spartacus_cart_wish-list_components_add-to-wishlist.js",
      "fileHash": "3dbfa1aa",
      "needsInterop": false
    },
    "@spartacus/cart/wish-list/root": {
      "src": "../../../../../node_modules/@spartacus/cart/fesm2022/spartacus-cart-wish-list-root.mjs",
      "file": "@spartacus_cart_wish-list_root.js",
      "fileHash": "470f926e",
      "needsInterop": false
    },
    "@spartacus/checkout/base": {
      "src": "../../../../../node_modules/@spartacus/checkout/fesm2022/spartacus-checkout-base.mjs",
      "file": "@spartacus_checkout_base.js",
      "fileHash": "16b2c206",
      "needsInterop": false
    },
    "@spartacus/checkout/base/assets": {
      "src": "../../../../../node_modules/@spartacus/checkout/fesm2022/spartacus-checkout-base-assets.mjs",
      "file": "@spartacus_checkout_base_assets.js",
      "fileHash": "4d741017",
      "needsInterop": false
    },
    "@spartacus/checkout/base/root": {
      "src": "../../../../../node_modules/@spartacus/checkout/fesm2022/spartacus-checkout-base-root.mjs",
      "file": "@spartacus_checkout_base_root.js",
      "fileHash": "0f0ccbd1",
      "needsInterop": false
    },
    "@spartacus/core": {
      "src": "../../../../../node_modules/@spartacus/core/fesm2022/spartacus-core.mjs",
      "file": "@spartacus_core.js",
      "fileHash": "00ad9bba",
      "needsInterop": false
    },
    "@spartacus/order": {
      "src": "../../../../../node_modules/@spartacus/order/fesm2022/spartacus-order.mjs",
      "file": "@spartacus_order.js",
      "fileHash": "a6d3c8a6",
      "needsInterop": false
    },
    "@spartacus/order/assets": {
      "src": "../../../../../node_modules/@spartacus/order/fesm2022/spartacus-order-assets.mjs",
      "file": "@spartacus_order_assets.js",
      "fileHash": "cb4c7c3c",
      "needsInterop": false
    },
    "@spartacus/order/root": {
      "src": "../../../../../node_modules/@spartacus/order/fesm2022/spartacus-order-root.mjs",
      "file": "@spartacus_order_root.js",
      "fileHash": "fd0989b1",
      "needsInterop": false
    },
    "@spartacus/product/image-zoom": {
      "src": "../../../../../node_modules/@spartacus/product/fesm2022/spartacus-product-image-zoom.mjs",
      "file": "@spartacus_product_image-zoom.js",
      "fileHash": "62c0e123",
      "needsInterop": false
    },
    "@spartacus/product/image-zoom/assets": {
      "src": "../../../../../node_modules/@spartacus/product/fesm2022/spartacus-product-image-zoom-assets.mjs",
      "file": "@spartacus_product_image-zoom_assets.js",
      "fileHash": "23a3be45",
      "needsInterop": false
    },
    "@spartacus/product/image-zoom/root": {
      "src": "../../../../../node_modules/@spartacus/product/fesm2022/spartacus-product-image-zoom-root.mjs",
      "file": "@spartacus_product_image-zoom_root.js",
      "fileHash": "7d76c7a6",
      "needsInterop": false
    },
    "@spartacus/product/variants": {
      "src": "../../../../../node_modules/@spartacus/product/fesm2022/spartacus-product-variants.mjs",
      "file": "@spartacus_product_variants.js",
      "fileHash": "7da6ad1f",
      "needsInterop": false
    },
    "@spartacus/product/variants/assets": {
      "src": "../../../../../node_modules/@spartacus/product/fesm2022/spartacus-product-variants-assets.mjs",
      "file": "@spartacus_product_variants_assets.js",
      "fileHash": "748f6947",
      "needsInterop": false
    },
    "@spartacus/product/variants/root": {
      "src": "../../../../../node_modules/@spartacus/product/fesm2022/spartacus-product-variants-root.mjs",
      "file": "@spartacus_product_variants_root.js",
      "fileHash": "18351162",
      "needsInterop": false
    },
    "@spartacus/smartedit": {
      "src": "../../../../../node_modules/@spartacus/smartedit/fesm2022/spartacus-smartedit.mjs",
      "file": "@spartacus_smartedit.js",
      "fileHash": "e0833564",
      "needsInterop": false
    },
    "@spartacus/smartedit/root": {
      "src": "../../../../../node_modules/@spartacus/smartedit/fesm2022/spartacus-smartedit-root.mjs",
      "file": "@spartacus_smartedit_root.js",
      "fileHash": "374a2149",
      "needsInterop": false
    },
    "@spartacus/storefinder": {
      "src": "../../../../../node_modules/@spartacus/storefinder/fesm2022/spartacus-storefinder.mjs",
      "file": "@spartacus_storefinder.js",
      "fileHash": "65dac50f",
      "needsInterop": false
    },
    "@spartacus/storefinder/assets": {
      "src": "../../../../../node_modules/@spartacus/storefinder/fesm2022/spartacus-storefinder-assets.mjs",
      "file": "@spartacus_storefinder_assets.js",
      "fileHash": "cb615741",
      "needsInterop": false
    },
    "@spartacus/storefinder/root": {
      "src": "../../../../../node_modules/@spartacus/storefinder/fesm2022/spartacus-storefinder-root.mjs",
      "file": "@spartacus_storefinder_root.js",
      "fileHash": "eca42dfa",
      "needsInterop": false
    },
    "@spartacus/storefront": {
      "src": "../../../../../node_modules/@spartacus/storefront/fesm2022/spartacus-storefront.mjs",
      "file": "@spartacus_storefront.js",
      "fileHash": "abc6458b",
      "needsInterop": false
    },
    "@spartacus/tracking/personalization": {
      "src": "../../../../../node_modules/@spartacus/tracking/fesm2022/spartacus-tracking-personalization.mjs",
      "file": "@spartacus_tracking_personalization.js",
      "fileHash": "4a861853",
      "needsInterop": false
    },
    "@spartacus/tracking/personalization/root": {
      "src": "../../../../../node_modules/@spartacus/tracking/fesm2022/spartacus-tracking-personalization-root.mjs",
      "file": "@spartacus_tracking_personalization_root.js",
      "fileHash": "81b64f5e",
      "needsInterop": false
    },
    "@spartacus/user/account": {
      "src": "../../../../../node_modules/@spartacus/user/fesm2022/spartacus-user-account.mjs",
      "file": "@spartacus_user_account.js",
      "fileHash": "b28e794e",
      "needsInterop": false
    },
    "@spartacus/user/account/assets": {
      "src": "../../../../../node_modules/@spartacus/user/fesm2022/spartacus-user-account-assets.mjs",
      "file": "@spartacus_user_account_assets.js",
      "fileHash": "175207af",
      "needsInterop": false
    },
    "@spartacus/user/account/root": {
      "src": "../../../../../node_modules/@spartacus/user/fesm2022/spartacus-user-account-root.mjs",
      "file": "@spartacus_user_account_root.js",
      "fileHash": "b459a1ba",
      "needsInterop": false
    },
    "@spartacus/user/profile": {
      "src": "../../../../../node_modules/@spartacus/user/fesm2022/spartacus-user-profile.mjs",
      "file": "@spartacus_user_profile.js",
      "fileHash": "f69c86f5",
      "needsInterop": false
    },
    "@spartacus/user/profile/assets": {
      "src": "../../../../../node_modules/@spartacus/user/fesm2022/spartacus-user-profile-assets.mjs",
      "file": "@spartacus_user_profile_assets.js",
      "fileHash": "b915225e",
      "needsInterop": false
    },
    "@spartacus/user/profile/root": {
      "src": "../../../../../node_modules/@spartacus/user/fesm2022/spartacus-user-profile-root.mjs",
      "file": "@spartacus_user_profile_root.js",
      "fileHash": "1caa0832",
      "needsInterop": false
    }
  },
  "chunks": {
    "chunk-NBWX6Z6B": {
      "file": "chunk-NBWX6Z6B.js"
    },
    "chunk-CT7WVPWF": {
      "file": "chunk-CT7WVPWF.js"
    },
    "chunk-AGFFIPIK": {
      "file": "chunk-AGFFIPIK.js"
    },
    "chunk-CECM6EW7": {
      "file": "chunk-CECM6EW7.js"
    },
    "chunk-OBOMK7N7": {
      "file": "chunk-OBOMK7N7.js"
    },
    "chunk-BQCHH7UO": {
      "file": "chunk-BQCHH7UO.js"
    },
    "chunk-FZVQEBVP": {
      "file": "chunk-FZVQEBVP.js"
    },
    "chunk-CYL7HNIE": {
      "file": "chunk-CYL7HNIE.js"
    },
    "chunk-LN4HYVID": {
      "file": "chunk-LN4HYVID.js"
    },
    "chunk-GPGDLQX4": {
      "file": "chunk-GPGDLQX4.js"
    },
    "chunk-BULPDSON": {
      "file": "chunk-BULPDSON.js"
    },
    "chunk-PCLFPLW5": {
      "file": "chunk-PCLFPLW5.js"
    },
    "chunk-DQKQLJFB": {
      "file": "chunk-DQKQLJFB.js"
    },
    "chunk-2R5TI3FB": {
      "file": "chunk-2R5TI3FB.js"
    },
    "chunk-ZQAKWWSH": {
      "file": "chunk-ZQAKWWSH.js"
    },
    "chunk-DJP5CYBU": {
      "file": "chunk-DJP5CYBU.js"
    },
    "chunk-X2YZRGIK": {
      "file": "chunk-X2YZRGIK.js"
    },
    "chunk-GRW6AQYT": {
      "file": "chunk-GRW6AQYT.js"
    },
    "chunk-SPYT22X6": {
      "file": "chunk-SPYT22X6.js"
    },
    "chunk-FIMZ5LIU": {
      "file": "chunk-FIMZ5LIU.js"
    },
    "chunk-CJWHFW34": {
      "file": "chunk-CJWHFW34.js"
    },
    "chunk-OIYGDMWQ": {
      "file": "chunk-OIYGDMWQ.js"
    },
    "chunk-PJOH4OHD": {
      "file": "chunk-PJOH4OHD.js"
    },
    "chunk-JNY6ZBZY": {
      "file": "chunk-JNY6ZBZY.js"
    },
    "chunk-XWT3SXR6": {
      "file": "chunk-XWT3SXR6.js"
    },
    "chunk-JMCPXHNJ": {
      "file": "chunk-JMCPXHNJ.js"
    },
    "chunk-FTQ24RAU": {
      "file": "chunk-FTQ24RAU.js"
    }
  }
}